{"cameraMode":{"drawMode":0,"name":"Shaded","section":"Shading Mode"},"sceneLighting":true,"audioPlay":false,"sceneViewState":{"showFog":true,"showMaterialUpdate":false,"showSkybox":true,"showFlares":true,"showImageEffects":true,"showParticleSystems":true},"in2DMode":false,"pivot":{"x":0.0,"y":0.7400000095367432,"z":12.9399995803833},"rotation":{"x":-0.06299173831939697,"y":0.8736599683761597,"z":-0.11760440468788147,"w":-0.46790575981140139},"size":0.8660253882408142,"orthographic":false}